1,Silent Night,Monster Ballads X-Mas,Faster Pussy cat,2003,rock,0
2,Tanssi vaan,Karkuteill¥Ë__,Karkkiautomaatti,1995,pop,0.2
3,No One Could Ever,Butter,Hudson Mohawke,2006,pop,0
4,Si Vos Quer’©s,De Culo,Yerba Brava,2003,jazz,0
5,Tangle Of Aspens,Rene Ablaze Presents Winter Sessions,Der Mystic,0,classical,0
6,"Symphony No. 1 G minor ""Sinfonie Serieuse""/Allegro con energia",Berwald: Symphonies Nos. 1/2/3/4,David Montgomery,0,metal,0.5
7,We Have Got Love,Strictly The Best Vol. 34,Sasha / Turbulence,0,pop,0.7
8,2 Da Beat Ch'yall,Da Bomb,Kris Kross,1993,jazz,0.3
9,Goodbye,Danny Boy,Joseph Locke,0,classical,0.6
10,Mama_ mama can't you see ?,March to cadence with the US marines,The Sun Harbor's Chorus-Documentary Recordings,0,metal,0.3
11,L'antarctique,Des cobras des tarentules,3 Gars Su'l Sofa,2007,rock,0.2
12,El hijo del pueblo,32 Grandes ¥Ë_¥Ë_xitos  CD 2,Jorge Negrete,1997,pop,0.5
13,Cold Beer feat. Prince Metropolitan,International Hardcore Superstar,Danny Diablo,0,pop,0.9
14,Pilots,The Loyal,Tiger Lou,2005,jazz,0.6
15,N Gana,Afropea 3 - Telling Stories To The Sea,Waldemar Bastos,0,classical,0.3
16,6,Lena 20 ¥Ë_¥Ë_r,Lena Philipsson,1998,metal,0
17,(Looking For) The Heart Of Saturday,Cover Girl,Shawn Colvin,1994,pop,0
18,Ethos of Coercion,Descend Into Depravity,Dying Fetus,2009,jazz,0
19,Rock-N-Rule,I'm Only A Man (Bonus Track Version),Emery,2007,classical,0
20,La bola extra,La bola extra,Los Ronaldos,0,metal,0
21,I Made It Over,Let's Celebrate (He Is Risen),Rev. Timothy Wright,0,classical,0
22,Debussy : 12 Etudes : VI Pour les huit doigts,Debussy : 12 Etudes_ Images Sets 1 & 2,Pierre-Laurent Aimard,0,metal,0.3
23,Nervous,Let No One Live Rent Free In Your Head,Nicolette,1996,pop,0.6
24,In The Journey,In The Journey,Martin Sexton,2001,jazz,0.3
25,Fuckin Ethic People (999),Craze¥Ë_¥Ë_ Musick,Craze,0,classical,0.2
26,Tu Vida Con La M¥Ë__a,Hoy Quiero So’±ar,Christian Castro,0,metal,0.5
27,I'm Ready,Honkin' On Bobo,Aerosmith,2004,rock,0.9
28,Take As Needed,Nerve Damage,Skinlab,2002,pop,0.6
29,Autumn In The Mind (Acoustic Version),Lo Fi_ Acoustic Excursions,Mike Badger and Friends,0,pop,0.3
30,Tequila,Tequila il mambo del giubileo (12 Inc),Piotta,0,jazz,0
31,All For A Purpose (Speak Life Album Version),Speak Life,Sev Statik,0,classical,0
32,C On,C On,The Advent,0,metal,0
33,Raspberry Beret (LP Version),The Hits/The B-Sides,Prince & The Revolution,0,pop,0.5
34,All of the same blood,Violent revolution,Kreator,2001,jazz,0.7
35,One Little Too Little,Hall Of Fame,Hall Of Fame,1996,classical,0.3
36,Cockleshell Heroes,Classic Years,Frank Chacksfield,2007,metal,0.6
37,Trancesequence,Voyage,Voyage,0,classical,0.3
38,Wonderful Stash,TRANCE VISIONARY,Wishbone Ash,1998,metal,0.2
39,La filo,Le meilleur,Malavoi,0,pop,0.5
40,Throw It Away,Easy Listening,Cobra Verde,2003,jazz,0.9
41,Before He Kissed Me,Lisa Brokop,Lisa Brokop,0,classical,0.6
42,Blessed,Rejoice,The Emotions,1977,metal,0.3
43,Goa Amsterdam,B.P.M. - Bionic Pulse Method Vol. 3,Safi Connection,0,classical,0
44,Disaster [Demo Version],Fragile Future,Hawthorne Heights,2008,metal,0
45,Night And Day,The Best Of,The Maytals,1994,pop,0
46,Passione,Alla Fine Della Notte,Neffa,2007,jazz,0.2
47,My Everything [Screwed] (feat. Trae The Truth),[Screwed] Tha Flood - Swishahouse Mix,Lil O,0,classical,0
48,Scream,Devil's Playground,Billy Idol,2005,metal,0
49,The Man Delusion,The Man Delusion,The Vichy Government,0,rock,0
50,He Is Not Silent (Out Of The Grey Album Version),The Early Years,Out Of The Grey,0,pop,0.5
51,Pepe El Ma’±oso,Salsa Cubana Vol.6,Orquesta Sonara La Habana,0,pop,0.7
52,Ac’©rcate M¥Ë_¥Ë_s,¥Ë_¥Ë_xitos Del Rom¥Ë_¥Ë_ntico De Siempre,Leo Marini,0,jazz,0.3
53,Mule Boogie,Country & Western,Sheb Wooley,1993,classical,0.6
54,Dancing In The Dark,The Look Of Love,Diana Krall,2001,metal,0.3
55,Mad About You,Change of Heart,Clifford T. Ward,2003,pop,0.2
56,Heartaches,Just Kiddin' Around,Ray Conniff;Billy Butterfield,0,jazz,0.5
57,Pain Over Acceptance,Unforgivable,Weekend Nachos,0,classical,0.9
58,Ships That Don't Come In,The Ultimate Hits,Joe Diffie,1992,metal,0.6
59,Saturday Night  (LP Version),Rick Medlocke & Blackfoot,Blackfoot,0,pop,0.3
60,I Just Want To Be With You This Christmas,My Christmas,Katie Armiger,0,jazz,0
61,On the Surface,Songs for the Incurable Heart,Stemm,2005,classical,0
62,Remember (Walking In The Sand),Night In The Ruts,Aerosmith,1979,metal,0
63,Just Another Woman,Singin' The Blues,Hot Lips Page,0,rock,0
64,untitled,Amaterasu,David Fridlund,2004,pop,0
65,Bakslag,Om Gaia,Kultiration,2004,pop,0
66,The New Way,Radio Ixtlan,Ewigkeit,2004,jazz,0.3
67,Suffer,In My Own Cage,JOHN DOE,0,classical,0.6
68,Cit’©s dortoires (feat. 59 Grammes),Rakailles 4,Alpha 5.20,0,metal,0.3
69,Bring It,Unspoken,Tonex,0,pop,0.2
70,You And I,Shine Through The Stars,Chasen,2008,jazz,0.5
71,Sitting In My Window (Finis Tasby BMI),What My Blues Are All About,Finis Tasby,0,classical,0.9
72,Raid The Itch,Black Label #57,Ogris Debris,0,metal,0.6
73,The Rest of the Night,The Wind,Warren Zevon,2003,classical,0.3
74,Ride,Orion,Andrea Klas,0,metal,0
75,Passion Protein,This Is Our Art,The Soup Dragons,1988,pop,0
76,Redemption,Write This Down,Write This Down,2010,jazz,0
77,Dame Tus  Besos,Radio Macand’©,Radio Macand’©,0,classical,0.5
78,Don't Prolong the Agony (Bonus Track),Touchpaper,Claire Hamill,0,metal,0.7
79,Dalny svet (bonus 2003),Kruiz-1,Kruiz,0,classical,0.3
80,Alice in Wonderland: Act I: The Caucus Race,DAVIS_ C.: Alice in Wonderland [Ballet] (Prague City Philharmonic_ Davis),Carl Davis,0,metal,0.6
81,Le mauvais coton,D’©vaste-Moi,Brigitte Fontaine,1990,pop,0.3
82,Love Can Change feat. Nadine Sutherland,Fatis Presents Abijah,Abijah,0,jazz,0.2
83,Subtek,Tone Tales From Tomorrow,Hex,0,classical,0.5
84,Dream Of Love,Lost In Paradise,X-Perience,2006,metal,0.9
85,Lucy Fears the Morning Star,Sing-Along Songs for the Damned and Delirious,Diablo Swing Orchestra,2009,rock,0.6
86,Fool on the Hill,English Guitar Music,John Williams,0,pop,0.3
87,Baiting the Public,Hidden World,Fucked Up,2006,pop,0
88,Death Acceptor,TheBloodyTransylvaniaStreetMachine,Drexel,0,jazz,0
89,Wipeout,100 Years of Surfing,The Surfaris,1988,classical,0
90,Fick uns,Die besten Tage sind gez¥Ë__hlt,Kool Savas,0,metal,0.2
91,Wir Sind Die Jungs feat. Din & Smexer,Blackbooked No. 2 - Jung_ sch’_n und stylish,Prinz Porno,0,pop,0
92,Make Dat Monet,Aristocrunk,Lord T & Eloise,0,jazz,0
93,Two Legged Sheep,Ain't Crying for the Moon,Kingdom Come,2006,classical,0
94,Chi Sei Adesso,4 x 4,Gemelli Diversi,2009,metal,0.5
95,Stuck On My Vision,Outrageous,Alice In Videoland,2005,metal,0.7
96,Joku muu,Galaksi,Kristian Meurman,2009,pop,0.3
97,Whaleface (Instrumental),Felt 3: A Tribute To Rosie Perez [Instrumentals & Acapellas],Felt,0,jazz,0.6
98,Brown Paper Bag,Time Flies When You're Gangster Fun,Gangster Fun,1992,classical,0.3
99,You Needed Me,Wind Beneath My Wings,Roger Whittaker,1994,metal,0.2
100,Pacey Singer,Third Hand Prophecy,A.Human,2008,rock,0.5
101,Superstition,Halloween Classics: Hellbent For Halloween,Beck_ Bogert_ Appice,0,pop,0.9
102,Ride,Ride,Ti¥Ë_¥Ë_sto,2006,pop,0.6
103,Endangered Species (Tales From The Darkside) (Remix) (Explicit) (Feat. Chuck D),AmeriKKKa's Most Wanted (Explicit),Ice Cube Featuring Chuck D,0,jazz,0.3
104,Summer Of My Life,Charcoal Lane,Archie Roach,1990,classical,0
105,Foggy Mountain Breakdown,The Complete Mercury Recordings,Lester Flatt / Earl Scruggs / The Foggy Mountain Boys,0,metal,0
106,Sonata No. 10 Op. 70,Scriabin - Piano Works,Mikhail Pletnev,0,pop,0
107,Red Ramona,Shake And Play,Janette Slack,0,jazz,0
108,What Matters Is Just You,Aire/Invisible,Luis Eduardo Aute,0,classical,0
109,Southern Comfort,One Step Forward,Lonesome River Band,0,metal,0
110,Something From Nothing,Friendship Forever,Retard-O-Bot,2005,pop,0.3
111,Half Light,The Other Coast,Michael Whalen,0,jazz,0.6
112,Bonus Track,Spirit Of '94,Kaze,0,classical,0.3
113,High Low And In Between,Country Linedancing,Mark Wills,1996,metal,0.2
114,Detalles,En Vivo,Roberto Carlos,1990,rock,0.5
115,Rock Can't Last Forever  (You Hate Me Hate Music Album Version),You Make Me Hate Music,Fine China,2002,pop,0.9
116,Get Along (Feat: Pace Won) (Instrumental),Charango,Morcheeba,2002,pop,0.6
117,Caravan,"Greatest Hits Of Richard ""Groove"" Holmes","Richard ""Groove"" Holmes",0,jazz,0.3
118,Just Is,What Sound,Lamb,0,classical,0
119,The Life That I Never Had,The Life That I Never Had,Sektosixo,0,metal,0
120,Inside Your Dreams,Inside Your Dreams,DJ Markitos,2003,pop,0
121,Hot (Album Version),Milk Me  [Amended Version],The Beatnuts,0,jazz,0.5
122,Have It All,Euphonic 10 Years,Ronski Speed presents Sun Decade,0,classical,0.7
123,Words - Re-Recording,Jeannie C. Riley Selected Hits,Jeannie C. Riley,0,metal,0.3
124,Viejo,Caraluna,Bacilos,0,classical,0.6
125,Victims of the Riddle [Vivisection],Sheep Farming In Barnet,Toyah,1979,metal,0.3
126,Kama Sutra,Kama Sutra,The Wolfmen,0,pop,0.2
127,E non lo scorder¥Ë__,I successi di Fausto Leali,Fausto Leali,0,jazz,0.5
128,What Can I Do?,17 Reasons,Link 80,1997,classical,0.9
129,Whats up with the Underground,EP2,Linkwood,0,metal,0.6
130,Pacific Sunrise,Freetime,Spyro Gyra,1981,classical,0.3
131,Gnostalgia,Sacrament,White Willow,2000,metal,0
132,Sin Sin Sin (Sentience Loney Mix),Sin Sin Sin,Robbie Williams,2006,pop,0
133,Bihac,Maschinensturm,Prager Handgriff,1995,jazz,0.3
134,Hard Life Feat Raw Breed,Operation Infinite Grit,Marc Live,0,classical,0.6
135,Memories Of Love - Original Mix,Galaxy EP,Paul Miller,0,metal,0.3
136,Praise_ My Soul_ The King Of Heaven,Hymn,American Boychoir,0,rock,0.2
137,Edward Smith,Black Umbrella,Thought Industry,1997,pop,0.5
138,Dark Country,Breaking In An Angel,Red Animal War,0,pop,0.9
139,Highway Paved With Pain,Old Country Town,Lonesome River Band,2007,jazz,0.6
140,End Of The Beginning (Album Version),Perspective,Jason Becker,0,classical,0.3
141,Britannia,Love U More: The Very Best Of,Sunscreem,2009,metal,0
142,I'm About To Do Something (That I'm Gonna Regret),Chrome Tape,Motormark,2004,pop,0
143,Ring Road,Ring Road,Underworld,2007,jazz,0
144,LEsperanza,The Very Best of Euphoric Dance Breakdown 2009,Airscape,0,classical,0.5
145,That Crutch,So Many Roads,Neal Morse,2007,metal,0.7
146,I Say A Little Prayer,The Legendary Hi Records Albums_ Volume 3: Full Of Fire + Have A Good Time + The Belle Album + Truth n Time,Al Green,1978,rock,0.3
147,Dawning Star,Double Negative,The Muffins,0,pop,0.6
148,Irreplaceable,Get Your Stereo Deluxed Vol. 6,The Funky Lowlives,2002,pop,0.3
149,AcroyearII,LP5,Autechre,1998,jazz,0.2
150,And Then You Went Away,Resurrection,Brian Vander Ark,2004,classical,0.5
151,You Don't Know What You're Doing,Loose Tonight,Debbie Davies,0,metal,0.9
152,Touched (Intro: From 'That Winter' By Pamela Gillilan),Ignorance,Boo Hewerdine,0,pop,0.6
153,Day,Brave Murder Day,Katatonia,1996,jazz,0.3
154,En oo koskaan tavannut,Helvetisti j¥Ë__rke¥Ë__,Zen Cafe,2001,classical,0
155,B15 Apna Sangheet Sings Apna Sangsheet_ Ruled By The Mob,Minesweeper,DJ Rupture,0,metal,0
156,Militant Musicfreaks,The Never Ending Story,Warlocks,0,rock,0
157,The Color Of The Water / Dreaming Of The Future,Sea Of Dreams,Luis Bacalov,2007,pop,0.2
158,Nothing More to Say,Sounds of an Amateur,AJP,0,pop,0
159,Rock'n'roll vengeance,As-tu d’©j¥Ë_¥Ë_ oubli’©?,La Souris D’©glingu’©e,2003,jazz,0
160,Qui ? (version baba cool),Ma Grand-M’åre,Mickey 3D,2002,classical,0
161,Four Horses,God's Tattoos,William Lee Ellis,0,metal,0.5
162,Laurie Ann,Glen Rocks,Glen Glenn,2000,pop,0.7
163,N¥Ë__ckaspel,Visor fr’Çn vinden (Bonus Version),Sofia Karlsson,2007,jazz,0.3
164,Get Up (Club Mix),The Great Bouzouki / Get Up,Krid P,0,classical,0.6
165,Melodia Do Amor,Bis - Jovem Guarda,Golden Boys,0,metal,0.3
166,Whatcha Gonna Do When Your Number's Up?   (The Best We Could Find Album Version),The Best We Could Find,STEVE TAYLOR,0,classical,0.2
167,Waste of Time,Tried & True,Junkyard,0,metal,0.5
168,Deep in the night,Deep in the night,JK,0,pop,0.9
169,Skase,Christos Dantis Best,Christos Dantis,0,jazz,0.6
170,Make Her Feel Good,Roc-A-Fella Records Presents Teairra Mar¥Ë__,Teairra Mar¥Ë__,2005,classical,0.3
171,Radio Was Unplugged,Dinosaurs Turn Into Birds,Silent Kids,0,metal,0
172,Margaret On The Guillotine (LP Version),Viva Hate,Morrissey,1988,rock,0
173,At the Ball_ That's All,Best of Laurel & Hardy - The Lonesome Pine,Laurel & Hardy,0,pop,0
174,Presence Of The Dead (Album Version),Testimony Of The Ancients,Pestilence,0,pop,0
175,The Art of the Fugue_ BWV 1080/Contrapunctus XIV,Bach:  The Art of the Fugue,Juilliard String Quartet,0,jazz,0
176,Love Has A Diameter,Puzzle,Biffy Clyro,2007,classical,0
177,Communion,The phuture that never happened,Mental Overdrive,1991,metal,0.3
178,No quarter,Garbage daze re-regurgitated,Exhumed,0,pop,0.6
179,Rowboat,Unchained,Johnny Cash,1996,jazz,0.3
180,Captain_ My Captain,Avalanche,I_ Synthesist,2003,classical,0.2
181,Home In Your Heart,Joyful Noise,Derek Trucks;Solomon Burke,0,metal,0.5
182,Pourquoi,Silence,Anael Miller,0,classical,0.9
183,Sold Out Of Love,Sold Out Of Love,New York Rel-X,2005,metal,0.6
184,He's So Brave,Listen To My Shapes,Sensations,2005,pop,0.3
185,Rave Up,Girltalk,Bad Dreams Fancy Dress,1989,jazz,0
186,02.17 AM,Sweep Of Days,Blue Foundation,2004,classical,0
187,She's Alright,Grown Up Wrong,The Real Kids,1977,metal,0
188,The Itsy Bitsy Spider,Dora The Explorer,Dora The Explorer,0,classical,0.5
189,Mirage,FOCUSED,Billy Cobham,1998,metal,0.7
190,How Great Is Our King,Live 2005,EM1,2005,pop,0.3
191,Battery,And Christmas For All! The Holiday Tribute to Metallica,Santa Claws and the Naughty But Nice Orchestra,2007,jazz,0.6
192,Black Gold,Total Life Forever,Foals,2010,classical,0.3
193,Mary Beth,The Solo Recordings [1971-1972],Peter Yarrow,0,metal,0.2
194,Walk In Holy Ghostwood/Time's Going On,Who Set That Fire,Lird Van Goles,2007,rock,0.5
195,When You're Sick With The Blues,Honey Babe Let The Deal Go Down: The Best Of Mississippi Sheiks,Mississippi Sheiks,1994,pop,0.9
196,Snowflakes (VeebeeO Remix),Snowflakes,Jessica Folcker,0,pop,0.6
197,Traktor,25 let,Visaci Zamek,1995,jazz,0.3
198,I Can't Take The Runnings Ina Babylon - Original,Buro's Jolly Bus,BuRo,0,classical,0
199,Smilin',My World,Bryn Christopher,2008,metal,0
200,Atrevida Bandolera,12 Discipulos,Voltio,0,pop,0
201,Distorted Minds,You Don't Know - Ninja Cuts,Hexstatic feat. Juice Aleem,0,jazz,0.2
202,Esa Cancion Nos Salvo,Manual de redencion,Travolta,0,classical,0
203,Trend / Sprengk’_rper (Medley) (Live),Mediengruppe Telekommander Live In M¥Ë__nchen am 23.04.2006 (Bavarian Open Sessions - Bayerischer Rundfunk / Z¥Ë__ndfunk),Mediengruppe Telekommander,0,metal,0
204,The Unbeliever,The Sun & Earth,Middle Distance Runner,0,pop,0
205,Paper Doll,The 80's EP,Denison Witmer,0,jazz,0.5
206,Gotta Go Home,20th Century Hits,Boney M. 2000,1999,classical,0.7
207,Gypsy Eyes,You Break It...You Bought It!,Michael Stanley Band,1975,metal,0.3
208,Valse Lente,Rossini's La Boutique Fantasque_ Dukas's The Sorcerer's Apprentice And Ibert's Divertissement,Boston Pops Orchestra,0,rock,0.6
209,Three,Gymnasia,The Show is the Rainbow,0,pop,0.3
210,Gridlock,Escalation of Hostility,Kill The Client,2005,pop,0.2
211,White Baby,Swan Song,Giant Drag,2010,jazz,0.5
212,A Hole In The World (Album Version),Full Collapse,Thursday,2001,classical,0.9
213,The Journey,Love & Peace,Lisa Lynne and Georege Tortorelli,0,metal,0.6
214,That's Why I'm Leaving,THEGETDOWNSYNDROME,The Peelers,0,pop,0.3
215,Your Heart's Not In It,The Very Best of Janie Fricke,Janie Fricke,1993,jazz,0
216,La Inseminacion,10 De Colecci¥Ë__n,Johnny Ventura,0,classical,0
217,Willie Barcena,The Hot & Spicy Mamitas,Willie Barcena,0,metal,0
218,This Time It's Real,The Extended Mix,Miquel Brown,0,classical,0
219,Final Promise (World),Paradox,Davol,0,metal,0
220,Stand Alone (Album Version),Born Into This,The Cult,2007,pop,0
221,If I Get to the Borderline,Cancer And Delirium,J. Tillman,2008,jazz,0.3
222,Hit Medley Part Three,The Best Of Vol. IV - The Megamixes,Arabesque,0,classical,0.6
223,How You Livin? f/J-Live & Grap Luva & Sondia,48 Months,Asheru And Blue Black Of The Unspoken Heard,0,metal,0.3
224,Insomnomaniac,Compass,Joshua Redman,2009,classical,0.2
225,Tonight Will Be Fine,Leonard Cohen Live at the Isle of Wight 1970,Leonard Cohen,1969,metal,0.5
226,Straighten Up And Fly Right  (LP Version),'Round Midnight With Nelson Riddle And His Orchestra,Linda Ronstadt,0,pop,0.9
227,Will You Not Listen?,The Word,Michael Card,0,jazz,0.6
228,Kallisti  Song For Eris,Below & Beyond,Floor,0,classical,0.3
229,Country Boogie Fever,Guitar Boogie Fever,Eddie Jones,0,metal,0
230,Zuviel Hitze,Einzelhaft,Falco,1982,rock,0
231,Bunion Blues,Chicken Minnie,Lighnin' Hopkins,0,pop,0
232,Se Fosse Adesso,Canzoni Allo Specchio,Perturbazione,2005,pop,0.5
233,Please Set Me At Ease,Blue Break Beats,Bobbi Humphrey,1975,jazz,0.7
234,What Would You Do?,Cabaret: The New Broadway Cast Recording,Mary Louise Wilson,0,classical,0.3
235,Killers And Killed,Evil Unleashed,Angelus Apatrida,2006,metal,0.6
236,No Doubt About It  (Miracle Album Version),Miracle,The Clark Sisters,0,pop,0.3
237,Pantomime,Yes Yes Vindictive,Operator Please,2007,jazz,0.2
238,Beautiful Noise,Beautiful Noise,Spencer Parker,2006,classical,0.5
239,Nine Million Bicycles,Live at The O2 Arena,Katie Melua,2005,metal,0.9
240,Call Me (Album Version),The Sound of Madness,Shinedown,2008,metal,0.6
241,Do You Know,Wake Up And Smell The Coffee,The Cranberries,2001,pop,0.3
242,La titimania,Van Van 30 Aniversario. Vol. 1 (30 Year Anniversary),Juan Formell y los Van Van,1988,jazz,0
243,Vacuum,Cocotte,Teenage Bad Girl,2007,classical,0
244,S¥Ë__,Onnelliset Kohtaa,Scandinavian Music Group,2002,metal,0.3
245,You Win Again,Timeless,Martina McBride,2005,rock,0.6
246,Anyone Else But You,Juno - Music From The Motion Picture,Michael Cera & Ellen Page,2007,pop,0.3
247,Maia Sterling,ROBOTECH: The Shadow Chronicles,Scott Glasgow,2007,pop,0.2
248,Wanna Be (Explicit Album Version),Uni5: The World's Enemy,Bone Thugs-N-Harmony,0,jazz,0.5
249,The Rain,The Rain,Lou Rhodes,2007,classical,0.9
250,Shake It Up,Scarface,Elizabeth Daily,0,metal,0.6
251,I Cry (LP Version),We Will Stand / Yesterday And Today,Russ Taff,0,pop,0.3
252,Major Tom '94(English Version),Major Tom'94(English Version),Peter Schilling & Boom-Bastic,0,jazz,0
253,Who I Am,Afrodisiac,Brandy,2004,classical,0
254,Escape From Rome,Escape From Rome,Cricco Castelli,0,metal,0
255,Strikethrough,Past Revisited EP,Peter Van Hoesen,0,pop,0.5
256,Henrieta,The Green Owl Comp: A Benefit For The Energy Action Coalition,Harper Simon,2008,jazz,0.7
257,Your Arms Feel Like Home,Where My Christmas Lives,3 Doors Down,2008,classical,0.3
258,Midnight Birds (Sa Ra Remix),Blue Note Trip 5:Scrambled / Mashed,Medeski_ Martin & Wood/Sa Ra Creative Partners,2006,metal,0.6
259,Telegram f’_r en tennsoldat,Live,Cornelis Vreeswijk,1966,rock,0.3
260,Never Met A German,Talk To La Bomb,Brazilian Girls,2006,pop,0.2
261,Stones You Throw,Anthology Of Releases: 2004 - 2005,Career Suicide,0,pop,0.5
262,Solaris,Solaris,Photek,2000,jazz,0.9
263,Oriente,A Arte De Gilberto Gil,Gilberto Gil,1972,classical,0.6
264,Perverted Eyelash,Elephant Jokes,Robert Pollard,2009,metal,0.3
265,Eye Spy,When It Falls,The Race,0,pop,0
266,Tiempo Al Tiempo,Mi Mundo,Marta Sanchez,0,jazz,0
267,Out Of My Head,Come Clean,Puddle Of Mudd,2001,classical,0
268,Knives and Faces,Raging Speedhorn,Raging Speedhorn,0,metal,0.2
269,Itoshii Toki,Murasaki.,Rie Tomosaka,0,classical,0
270,Suzanne,Live In London,Leonard Cohen,1967,metal,0
271,Pump Up The Electro Volume,Hypnotized,DaVIP,0,pop,0
272,Telze',Aerobica,Max Brannslokker,0,jazz,0.5
273,Don't Stop Honey (feat. Cedric Burnside),Come On In,R.L. Burnside,1998,classical,0.7
274,Scream My Name,Back Against The Wall,Chaka Demus & Pliers,0,metal,0.3
275,Girl's Got Rhythm,The Screaming Cat,Omar & The Howlers,0,classical,0.6
276,I Do It For Your Love,The Lovers_ the Dreamers and Me,Jane Monheit,2008,metal,0.3
277,All I Need (Key-Ab-Premiere Performance Plus),All I Need (Premiere Performance Plus Track),Bethany Dillon,0,pop,0.2
278,Beyond the Borders of Sanity,PROSE EDDA,YGGDRASIL,0,jazz,0.5
279,Microphone Check,Illegal Substance,Illegal Substance,0,classical,0.9
280,Arruyo de Dios,Infancia Olvidada,Mar¥Ë__a Dolores Pradera / Amaya Uranga,0,metal,0.6
281,Corcovado,Bossa for Two Guitars - Experience Bossa Lounge,P & Q,0,rock,0.3
282,Blow Up,Template,Popsicle,2005,pop,0
283,Music Is My Business,Music Is My Business,Roosevelt Sykes,0,pop,0
284,Tonight,Songs From An Engineer's Daughter,June Star,0,jazz,0
285,Your Sweet Love,True To Yourself,Albert Cummings,2004,classical,0
286,Back To Back,The Fianc’©e,The Chariot,2007,metal,0
287,A Better World,A Better World,M.I.K.E. vs. Andrew Bennett,0,pop,0
288,Humppakavalier,Das Humppawerk,Elakelaiset,2006,jazz,0.3
289,Clambake Boogie,I'm The Fat Man,Big John Greer,1992,classical,0.6
290,Je Dois Partir,Ma G’©n’©ration,Ste Strausz,0,metal,0.3
291,J’_rame,Un Canto de M’©xico: Alejandro Fern¥Ë_¥Ë_ndez en Vivo desde Bellas Artes,Alejandro Fernandez,2002,rock,0.2
292,We Trust In The Name Of The Lord Our God (Where Mercy Begins Album Version),The Ultimate Collection,Steve Green,0,pop,0.5
293,Chi Ha Paura Della Notte?,P.F.M. Story,Premiata Forneria Marconi,1981,pop,0.9
294,Sunrise (Album),Whiskey For The Holy Ghost,Mark Lanegan,1994,jazz,0.6
295,Blow Ya Back Out [Radio Edit],Blow Ya Back Out [Radio Edit],Attitude,0,classical,0.3
296,Harpo's bazar,Sing & play,The Marx Brothers,0,metal,0
297,The American,3,Nouvelle Vague,0,pop,0
298,The Letdown,Walk This Way,The White Tie Affair,2008,jazz,0
299,We don't fit in,Relentless,Never More Than Less,0,classical,0.5
300,I Couldn't Believe It Was True,Red Headed Stranger,Carla Bozulich,2003,metal,0.7
301,A Man Without a Country,Sacrifice and Bliss,Stinking Lizaveta,2009,rock,0.3
302,Darling Corey,Buell Kazee Sings and Plays,Buell Kazee,0,pop,0.6
303,Sex,Zen And The Art Of Beating Your Ass,9 Shocks Terror,0,pop,0.3
304,Bounce W/ WBW,The Essential Dog Vs Cat Audio Collection,Dog Vs Cat,0,jazz,0.2
305,Show Me The River,Eastmountainsouth,Eastmountainsouth,2003,classical,0.5
306,Fire & Water,Temporarily Disconnected,24-7 Spyz,1995,metal,0.9
307,You Can't Move Into My House,Meet The Family,Frenzal Rhomb,1998,pop,0.6
308,Carheart,Carheart,Virus,0,jazz,0.3
309,Oxygen,Hospital Tracks,Swat-Squad,0,classical,0
310,Andropolis,Sorry About The Flowers,Venice is Sinking,2006,metal,0
311,The Things We Did Last Summer,Live 1953-68,The Oscar Peterson Trio,0,classical,0
312,Conakry,Zion Prophet,Takana Zion,2007,metal,0.2
313,Kein Wort,Zwischen Himmel & H’_lle,Breite Seite,0,pop,0
314,Jonah Joins The Cab,Rhapsody In Rhumba,Cab Calloway,2003,jazz,0
315,That Was Yesterday,The Everest Years,Charlie Shavers,0,classical,0
316,Scarlet Winter,The Kings Invicta,Fetterline,0,metal,0.5
317,Over the Stone - Concerto for Harp: Tros y Garreg (Over the Stone),Karl Jenkins: Quirk,Karl Jenkins/Catrin Finch/Carmine Lauri/London Symphony Orchestra,0,rock,0.7
318,Quik's Groove VII,The Best of DJ Quik - Da Finale,DJ Quik,2002,pop,0.3
319,L'Uomo Grande,Fragole Infinite,Alberto Fortis,1982,pop,0.6
320,Telephone And Rubber Band (Live) (2001 Digital Remaster),A History,Penguin Caf’© Orchestra,0,jazz,0.3
321,Ghetto (feat. Gino Green),J-Kwon (Clean),J-Kwon,0,classical,0.2
322,Serenade No. 13 in G_ 'Eine kleine Nachtmusik' K525 (1997 Digital Remaster): III.  Menuetto (Allegretto),Mozart: Academy in Concert,Sir Neville Marriner/Academy of St Martin-in-the-Fields,0,metal,0.5
323,Decadent,Lightbulbs,The Answering Machine,0,pop,0.9
324,The AFA Song,Skinhead Times 1982-1998,The Oppressed,0,jazz,0.6
325,Miles Away (In the style of 'Madonna') [With Backing Vocals],Ace Karaoke Pop Hits - Volume 7,Ace Karaoke Productions,0,classical,0.3
326,Je T'aime,Sound of Berlin - The Finest Club Sounds Selection of House_ Electro_ Minimal and Techno,Kolombo,0,metal,0
327,Everything I Own Fits In This Backpack,The Upsides,The Wonder Years,0,classical,0
328,Gli Amanti Di Val Morel,Il Disco Dei Miracoli,Piccola Bottega Baltazar,2007,metal,0
329,Hace Mucho Tiempo,Donde Acaba El Mar,Los Limones,0,pop,0
330,Cosmology,Tiny Blue Biosphere,Rhian Sheehan,2004,jazz,0
331,Am I Dead,Kings And Queens,Anti Nowhere League,0,classical,0
332,schmetterlinge,individuum,Mutabor,2004,metal,0.3
333,Tres Agujas,Del 63,Fito Paez,1984,classical,0.6
334,Ataypura (High Andes),Virgin of the Sun God,Yma Sumac,1950,metal,0.3
335,Single,Home Truths,Pony Club,2002,pop,0.2
336,Outside World,Loveparade - The Album Of Your Life,Sunbeam,1994,jazz,0.5
337,Flame Fire,Delroy,DYCR,0,classical,0.9
338,Lie To Me,Rainy Night In Georgia & Other Favorites (Digitally Remastered),Brook Benton,1986,metal,0.6
339,Dieubouddhallah,Le best of,Les Wriggles,1997,rock,0.3
340,The Warmth Of The Sun,Singin',Melissa Manchester,0,pop,0
341,The Way He Was Raised,Everything Is Fine,Josh Turner,0,pop,0
342,Subnubus,Fols  Rhizomes Pour Gilles Deleuze,Mouse On Mars,1995,jazz,0
343,Long Night Dreaming,World We Know,Crash Parallel,2008,classical,0.5
344,I Got Love If You Want It,The History of Rhythm & Blues_ Volume 3 - The Rocknroll Years,Slim Harpo,0,metal,0.7
345,Burned in Blue,Silber Hearts Mom,Glissade,2006,pop,0.3
346,Perpato Sta Kimata,To Pathos Ine Aformi,Peggy Zina,0,jazz,0.6
347,hoshi-ni-negai-wo,Photograph painted out with color,To Overflow Evidence,0,classical,0.3
348,Goofin Around,Heros Of Rock And Roll,Johnny Kidd And The Pirates,0,metal,0.2
349,Feel Me,King Of Disco,Akcent,2007,pop,0.5
350,Denmark,Touchpaper,Claire Hamill,0,jazz,0.9
351,O Sonho,O Para¥Ë__so: 14 Can’_’µes,Madredeus,1997,classical,0.6
352,My First Guitar,Caught In The Headlights,Absent Elk,0,metal,0.3
353,Perfect World,True Reflections,Boyd Tinsley,2003,rock,0
354,Boring,Dude Ranch,Blink-182,1997,pop,0
355,Velvet To Atone,Fairport Convention: The Fairport Companion - Loose Chippings From The Fairport Convention Family Tree,Trader Horne,1970,pop,0.3
356,Escapades Of Pan (Orchestral Version),Skyline Firedance - The Orchestral Works and The Solo Works: 2 compact discs,David Lanz,0,jazz,0.6
357,Gotta Let It Go,Judgement Days,Ms. Dynamite,2005,classical,0.3
358,Part 5: Awaken/Panic/Restraint,Music for Falling From Trees,Peter Broderick,2009,metal,0.2
359,Girl Trouble - Original,The R&B Years,Chris Farlowe,0,pop,0.5
360,Yama Yama Pretty Mama (Digitally Remastered),Rock 'n' Roll Heaven - The Ultimate Collection - 125 Original Recordings,Richard Berry,0,jazz,0.9
361,From A Window,Do You Want To Know A Secret,Billy J. Kramer,1979,classical,0.6
362,Down The Road Apiece,Speedball + 11,The Count Bishops,1977,metal,0.3
363,A Short Supply (of Truth),Youth_ Betrayal & The Awakening,Union 13,2000,classical,0
364,Calypso Calypso,Total Recall Vol. 7,Peter Metro,0,metal,0
365,Animal House,Walkin' The Razor's Edge (With Bonus Tracks),Helix,1984,pop,0
366,Power Skit #2,State Of The Arts,Afu-Ra,2005,jazz,0.5
367,Oblige,Able Archer,I Concur,2007,classical,0.7
368,Voyager,Futura,Na’_’£o Zumbi,0,metal,0.3
369,This Love,Bloom,Lou Rhodes,2007,classical,0.6
370,Hardcore,O Yeah,End Of Fashion,2005,metal,0.3
371,Somewhere Along The Way (Mono) (1998 Digital Remaster),Cliff Sings,Cliff Richard,1959,pop,0.2
372,Face The World,Nadine,Nadine Sutherland,0,jazz,0.5
373,Morning Calls,A Mark_ A Mission_ A Brand_ A Scar,Dashboard Confessional,2003,classical,0.9
374,Track,Limited Edition 2004,Lewis Taylor,1996,metal,0.6
375,Jam Dodger A,Enterprise Reversal,Wetdog,2008,rock,0.3
376,Give It Time,Middle Of The Road,Middle Of The Road,1971,pop,0
377,The Body Human,Point Blank,Robert Hood,2002,pop,0
378,(It Will Have To Do) Until The Real Thing Comes Along (1995 Digital Remaster),Great Ladies Of Song / Spotlight On June Christy,June Christy,0,jazz,0
379,Give Love,Give Love,Tristan Garner,2008,classical,0.2
380,Wishing Well,The Rules Of Hell,Black Sabbath,1980,metal,0
381,What's A Lonely Girl To Do,I Got The Guns,Roger Creager,2000,pop,0
382,It Is Familiar,Ears Will Pop & Eyes Will Blink,Bodies Of Water,2007,jazz,0
383,Zid,Dino Merlin - Burek,Dino Merlin,0,classical,0.5
384,Bear The Scars,A New Darkness Upon Us,Stampin¥Ë_ Ground,2003,metal,0.7
385,Gypsy Music,Innocence,Luka Bloom,2005,metal,0.3
386,All Blacks,Nagah-mahdi - Opuscrits en quarante-huit rouleaux,Sebkha-Chott,2006,pop,0.6
387,Casanova 70 The Secret Of Cool,CASANOVA 70,Air,0,jazz,0.3
388,Hey Mr. DJ (XFM Session),Hologram World,Tiny Masters Of Today,0,classical,0.2
389,Sunset Coming On,Mali Music,MALIAN MUSICIANS & DAMON ALBARN,2002,metal,0.5
390,I Am Your Girl (love is blue remix by A.T:F),The Gemini Prophecies (limited bonus),Neikka RPM,2004,rock,0.9
391,Year One Now,Morning Star,Entombed,2001,pop,0.6
392,Electra Glide,Celebrating 10 Years Of Groove,Down To The Bone,2002,pop,0.3
393,Late Night Saint,Play It 'Til Tomorrow,Nick Moss_ The Flip Tops,0,jazz,0
394,10_000 Chariots,Mr. Marley,"Damian ""Jr. Gong"" Marley",1996,classical,0
395,Genie,Losing Feeling,No Age,2009,metal,0
396,Let me (original),Electrolessons 2,2MB,0,pop,0
397,What's It Gonna Be,The Collection,Samantha Mumba,2001,jazz,0
398,Drumstern (BONUS TRACK),Sonar Kollektiv - Elektrish Compilation 2,Marcus Worgull,0,classical,0
399,Hump In Your Back,Jesse Fuller's Favorites,Jesse Fuller,0,metal,0.3
400,The Promise,The Venom Divine,Deadsoil,2004,pop,0.6
401,Poontang,Smiling Faces: The Best Of,The Undisputed Truth,1975,jazz,0.3
402,Buckeye,Red River Rock,Johnny & the Hurricanes,0,classical,0.2
403,Back to Basics,Morphonic Stacks Volume 2,Rumble Pack,2007,metal,0.5
404,Anata No Kanata,Kioku Memento Mori Vizaru No Nikki feat. Rekka Katagiri,Rekka Katakiri,0,rock,0.9
405,Lucy,Lucy,Jealousy,2006,pop,0.6
406,On a tu’© no pourchau,200 millions de francophones et moi et moi et moi...,Vitor Hublot,0,pop,0.3
407,I'm Glad There Is You,For Lovers Only,The Temptations,1995,jazz,0
408,Scotland The Brave (Scotland),National Anthems Of The World,The London Theatre Orchestra,0,classical,0
409,Lamento Borincano,3 CD Box Tesoros De Coleccion,Sonora Santanera,0,metal,0
410,Would A Stranger Do?,Parting Should Be Painless,Roger Daltrey,1984,pop,0.5
411,Thank You,BeBe Winans,Bebe Winans,1997,jazz,0.7
412,Giselle,Laurita,Richard Galliano,1992,classical,0.3
413,Drunk and Hot Girls,Graduation,Kanye West / Mos Def,2007,metal,0.6
414,Gimme_ Gimme_ Gimme (Extended Version),Gimme_ Gimme_ Gimme,yoomiii,0,classical,0.3
415,Ich Lasse Mir Nichts Mehr Nehmen,...Und Wie Geht Es Deinen D¥Ë__monen?,Senore Matze Rossi,2007,metal,0.2
416,Good Times,Destination Everywhere,Twenty 4 Seven,2002,pop,0.5
417,Children Go Where I Send Thee,It's Christmas,Mandisa,0,jazz,0.9
418,Preacher,The Evil,Diamond Rexx,0,classical,0.6
419,Background Of Malfunction,Not So Brave,Flux of Pink Indians,1981,metal,0.3
420,The Gun,The Gun,Boss Volenti,2007,classical,0
421,Knowledge,Operation Ivy,Operation Ivy,1989,metal,0
422,Savage Skulls,Night Must Fall,Padded Cell,2004,pop,0
423,Fucked with paranoia,In for the kill,Inhume,2003,jazz,0.2
424,747 (Strangers In The Night) (Live At The Hammersmith Odeon) (1997 Digital Remaster),Wheels Of Steel/Strong Arm Of The Law,Saxon,0,classical,0
425,Pop That Pussy,Hot Venom,Rebirth Brass Band_ Cheeky Blakk,0,metal,0
426,Think,Only A Woman,Judy Mowatt,0,rock,0
427,Ablation,Human Larvae [Earthly Cleansing],Commit Suicide,2003,pop,0.5
428,Cryin',Big Ones,Aerosmith,1993,pop,0.7
429,Mambo Gumbo,Border Crossing,Wanderlust,0,jazz,0.3
430,308,Mainlanders,Ricaine,1996,classical,0.6
431,Victim Of Love,The Circus,Erasure,1987,metal,0.3
432,Je me tords,Je garde quelques images... pour mes vies post’©rieures,Lio,0,pop,0.2
433,When The Light Is Gone live mix,Fusion,Ubar Tmar,1997,jazz,0.5
434,Through My Eyes,Voice From Home,FFH,2005,classical,0.9
435,Nenphilis,Daemonicus Awakening,The Spektrum,0,metal,0.6
436,Roxy Girl,TV Tube Heart,The Radiators (From Space),0,rock,0.3
437,Cops And Robbers,Cops And Robbers,The Hoosiers,2007,pop,0
438,Una paloma blanca,Camino verde,Diana Navarro,0,pop,0
439,Intro,The Anatomy Of Melancholy,Paradise Lost,0,jazz,0
440,Something About You,Time 2 Rock,Topmodelz,2008,classical,0
441,Yesterday's Headlines,Symptoms Of A Leveling Spirit,Good Riddance,2001,metal,0
442,Stone Turns Black,13th Moon ~ Journey into future Consciousness,Kaya Project,2003,pop,0
443,Wake Me Screaming,Once Beautiful,The Last Dance,2005,jazz,0.3
444,1970,The Exies,The Exies,2000,classical,0.6
445,Nickindia (remastered),Fires,Nerina Pallot,2005,metal,0.3
446,Quiero Mas,Salsa Disco Party - Live at Roseland,Charanga 76,0,rock,0.2
447,Enas Apo Mas (Anyone Of Us - A Stupid Mistake),Sahara Euro Edition,Sarbel,0,pop,0.5
448,Moving In With (Re-mastered version),Bummed,Happy Mondays,1988,pop,0.9
449,The Storm (John Dahlback Remix) (Feat. Cozi),The Storm,Jerry Ropero Featuring Cozi,0,jazz,0.6
450,Ebb And Flow,Faithfully,Jenniffer Kae,2008,classical,0.3
451,Bones,Nipple,Claw Boys Claw,1994,metal,0
452,Happy,Fake Songs,Liam Lynch,2003,pop,0
453,Han Yan Cui,Sally Yeh 13 Greatest Hits,Sally Yeh,0,jazz,0
454,Danse Macabre,Mephisto & Co.,Minnesota Orchestra,0,classical,0.5
455,No Sympathy,Honorary Citizen,The Wailers,0,metal,0.7
456,Till Ya Drop! 2007,Remy presents 68 Recordings_ Vol. 4,DJ Remy,0,classical,0.3
457,After Sunset 2009,After Sunset 2009,Veselin Tasev,0,metal,0.6
458,Eu N’£o Sou Da Sua Rua,Qualquer,Arnaldo Antunes,2006,pop,0.3
459,Tom Dooley,T¥Ë__ydet 100,Kari Tapio,1999,jazz,0.2
460,Tv’Ç av Oss,Datan’_rd,Attack,0,classical,0.5
461,Shiver The Trees,Wendy,Attic Lights,0,metal,0.9
462,Woman In White (LIVE),Volume 1,220 Volt,0,rock,0.6
463,Devoted,2 1/2,Slowpho,2004,pop,0.3
464,Amerika (Live Verison),The Birthday Concert,Jaco Pastorius Big Band,1981,pop,0
465,Until The Day I Die (Album Version),Page Avenue,Story Of The Year,2003,jazz,0
466,Shine On,Free Yourself,The Untouchables,0,classical,0.3
467,Rubina's Blue Sky Of Happiness,The Beautiful Guitar,Joe Satriani,1993,metal,0.6
468,Still...You Turn Me On,The Original Bootleg Series From The Manticore Vaults: Volume Four,Emerson_ Lake & Palmer,2008,pop,0.3
469,Los barrios de Santiago,Semtimiento Guajiro,Los Compadres,1999,jazz,0.2
470,Love Appetite,Nudge It Up a Notch,Steve Cropper & Felix Cavaliere,0,classical,0.5
471,I,AbsoluteNegativism,¥Ë_¥Ë_rabrot,0,metal,0.9
472,Holdin' On To Yesterday,Live,Ambrosia,0,classical,0.6
473,Latin - Phone Message,Leftovers,Andrew Gold,0,metal,0.3
474,The Man Without A Name,Desolation Street,I Walk The Line,2006,pop,0
475,The Playhouse Saint,When Dalliance Was In Flower Volume 2,Ed McCurdy,1996,jazz,0
476,Between Tholozan And Oleatha,Gateway To Dignity,Grand Ulena,2003,classical,0
477,House Of Broken Dreams,Reflections,Crosby_ Stills & Nash,0,metal,0.5
478,Moose On The Loose,The Sickest Men In Town!,Vicious Rumours,0,classical,0.7
479,Nuns Leg,You're Lucky To Have Friends Like Us,Shit and Shine,2006,metal,0.3
480,Poppin Wit Game,Fillmoe 2 San Jo,Assassin,0,pop,0.6
481,Sons Of Sarah Connors,A Penny For Your Thoughts,Megalon,0,jazz,0.3
482,My Moves Are White [White Hot_ That Is] (Album Version),¥Ë_¥Ë_Viva La Cobra!,Cobra Starship,2007,classical,0.2
483,Open Arms Monkey Business Club Mix,Open Arms,Liquid Spill,0,metal,0.5
484,Hymn,Hymn,Cabballero,1994,rock,0.9
485,Rewind (Demo),Riot!,Paramore,0,pop,0.6
486,Alo Fevereiro,Doris Monteiro,Doris Monteiro,0,pop,0.3
487,Labels Of Blues,Forgone Conclusion,Shotgun Honeymoon,0,jazz,0
488,This Cocaine Makes Me Feel Like I'm On This Song,Mezmerize,System of a Down,2005,classical,0
489,The Real Me featuring Ria Currie,Four Flights Up,Speedometer,2007,metal,0
490,Sew My Name,Sew My Name,Josh Pyke,2007,pop,0.2
491,Give Thanks and Praise - Original,Barry Brown's Step It Up Youthman,Barry Brown,0,jazz,0
492,Sailing To The Botton,The Trashcan Electric E.P.,Williamson,0,classical,0
493,The Blues Ain't Nothin',Pattern Disruptive,The Dickey Betts Band,1988,metal,0
494,Entrapment,What Poor Gods We Do Make,Naked Raygun,2007,pop,0.5
495,Kaizers 115. Dr¥Ë_¥Ë_m,Maskineri,Kaizers Orchestra,2008,jazz,0.7
496,Callin' Heaven,Stomp the Floor,Arthur Adams,0,classical,0.3
497,Jesus Christ,Rush Hour,Wesley Willis,2000,metal,0.6
498,Hungry Belly,Faso Kanou,Manjul,2005,rock,0.3
499,Sauver L'Amour,L'Inoubliable,Daniel Balavoine,1985,pop,0.2
500,Don¥Ë_t Let It Bring You Down,Why Don't We,Sandhy SonDoro,0,pop,0.5
501,Tell Me Mama,Bag Full Of Blues,"Willie ""Big Eyes"" Smith",1995,jazz,0.9
502,Bucket Of Crawfish,Yeah_ you right_ eh!,Loco Zydeco,0,classical,0.6
503,Rock-Legenden,Champagner & Zigarrenqualm,Planlos,2002,metal,0.3
504,Fuersattel,Grains,Boozoo Bajou,2009,pop,0
505,Thirteen,Stones,Not Your Average Hippy,0,jazz,0
506,Moonlight,Sing Or Die,Dreams Come True,1998,classical,0
507,I Believe In You (1997 Digital Remaster),Introducing... Talk Talk,Talk Talk,0,metal,0
508,The Way I See (93bpm),Papa Acapellas Vol. 3,Domu presents Pete Simpson,0,classical,0
509,Ambivalent,Trapez 100,Dominik Eulberg,0,metal,0
510,Major Happy's Up And Coming Once Upon A Good Time Band,Archaeology,The Rutles,1996,pop,0.3
511,Movin' On Up,Bone Head,Half Japanese,1997,jazz,0.6
512,Sonata In A Major Op. 120 D 664: I. Allegro Moderato (Schubert),Schubert: Piano Works Vol. 4,Massimiliano Damerini,0,classical,0.3
513,Undercurrent (Alucidnation Downtempo Mix),The Chillout Lounge-More Downtempo New Grooves For Late Night Lounging,Fragile State,2008,metal,0.2
514,I Wish I Knew,More Coltrane For Lovers,John Coltrane Quartet,1963,classical,0.5
515,Masse,Lumen EP,Niederflur,0,metal,0.9
516,Uncle Darrow's,Philly Style,Jeff Lorber,2003,pop,0.6
517,Body And Fender Man,Goodnight_ Dear,Microwave Dave and the Nukes,1995,jazz,0.3
518,Gemini (Birthday Song),Elephant Eyelash,Why?,0,classical,0
519,Sax Boogie,Best of Boogie Dance Lounge,Cantovano and His Orchestra,0,metal,0
520,It Won't Escape Those Lips,Sober,Venice,0,rock,0
521,Coming Home,Urban Art Forms Black,Eric Sneo,0,pop,0.5
522,hug acoustic version,Seasons,T-Bone,0,pop,0.7
523,After dark,Blacken The Angel,AGATHODAIMON,1998,jazz,0.3
524,Karlovy Vary,Chlebicky,Bratri Ebenove,2008,classical,0.6
525,Never Comin' Home,Second Season,Halfway to Gone,0,metal,0.3
526,Rewind,Relapse,Chiasm,2005,pop,0.2
527,Nadie Me quiere,Se Buscan Fulmontis,Los Enemigos,1990,jazz,0.5
528,Cuando Te Hablen De Mi,4,La Habitacion Roja,2003,classical,0.9
529,Job,A Child of God,Patent Pending,0,metal,0.6
530,Somebody Loves Me,16 Most Requested Songs,Kate Smith,0,metal,0.3
531,Take Your Time Rag,The Complete Blue Horizon Sessions,Furry Lewis,1999,pop,0
532,D.D.T. Fin 13,Music For Insect Minds,Halo Of Flies,0,jazz,0
533,Me Name Tiger - Original,Tiger's Lyrics Fi Yu Money,Tiger,0,classical,0
534,Sailing Keeps You Safe,Triptych,Shooting At Unarmed Men,2007,metal,0.2
535,Broken Arrows,Broken Arrows,Rabbit,1973,rock,0
536,I Can't Stand Losing You,I Think It's Going To Rain Today,Curtis Stigers,2004,pop,0
537,The Clockwise Witness,The Clockwise Witness,Devotchka,2008,pop,0
538,Celebrate the Summer 2006,Celebrate the Summer 2006,Lacuna,0,jazz,0.5
539,J¥Ë__lleen on meid¥Ë__n,Haikara,Haikara,0,classical,0.7
540,Ain't Got Time To Waste,Time 2 Recop,Bullet,0,metal,0.3
541,Chapter 7: Every Round With God Goes Higher,Worship And A Word: According To Your Faith,Smokie Norful,0,pop,0.6
542,Circles,Kreidler,Kreidler,2000,jazz,0.3
543,Cocha Meu Minino,¥Ë_¥Ë_¥Ë_¥Ë_¥Ë_¥Ë_Esta Que Te Cajas!!!,Heredeiros Da Crus,0,classical,0.2
544,Don't Sleep,Don't Sleep,Audio Soul Project feat. Nathan Drew Larsen,0,metal,0.5
545,Going Back To Louisiana,Dynasty,Carey Bell,0,pop,0.9
546,Big  Ass Green Van,Raw Deal,Bill Perry,2004,jazz,0.6
547,Jesus Is Coming,Kill.Fucking.Everyone.,Watchmaker,2003,classical,0.3
548,Cafezinho,Brazil Chill,Bob Baldwin,2004,metal,0
549,Never Knew Love,Love Songs,Rick Astley,1991,rock,0
550,Mississippi Delta,HMV Easy - Bobbie Gentry The Collection,Bobbie Gentry,1967,pop,0
551,V’Çgorna,N¥Ë__r Verkligheten Tr¥Ë__nger Sig P’Ç,Patrik Isaksson,1999,pop,0
552,Prayee,The Best Of The Chantels,The Chantels,1958,jazz,0
553,Hideaway (Album Version),Straight To The Heart,David Sanborn,0,classical,0
554,Red Apples,God Is Saying This To You...,Kurt Vile,2009,metal,0.3
555,Assembly Line,Live In Connecticut,Steve Morse,0,pop,0.6
556,Lord Of Lies,Today's Report/Special Edition,A.C.T,1999,jazz,0.3
557,La Mosca,Black Hole Radio April 2010,Impact,0,classical,0.2
558,La Mujer Del Torero,Colecci¥Ë__n Diamante: Roc¥Ë__o Jurado,Rocio Jurado,0,metal,0.5
559,Malancolo,Las Puertas Abiertas,Conjunto Clasico,0,classical,0.9
560,Forgotten Lives,Trance Sessions Volume 11,Eastern Star,0,metal,0.6
561,Shi Yi,Valen'S Love Movie Theme Song,Valen Hsu,0,pop,0.3
562,Just a Dream,Dirty Mother Fuyer,Billy Boy Arnold,2006,jazz,0
563,Antartica,Ama Zone,Asia 2001,1998,classical,0
564,Venus,Les plus grands succ’ås de Gloria Lasso (Best Of),Gloria Lasso,0,metal,0
565,Your Ma Said You Cried In Your Sleep Last Night  (2006 Remastered LP Version),Nine Lives [Digital Version],Robert Plant,0,classical,0.5
566,No Easy Way Out,No Easy Way Out,DJ Fait,0,metal,0.7
567,Start,Start,Omni,0,pop,0.3
568,All Night Long,Rollin' Stone - A Golden Anniversary,Muddy Waters,1991,jazz,0.6
569,Sandhurst In Zero G,How To Do Battle,Senser,2009,classical,0.3
570,Iron Butterfly Theme,In-A-Gadda-Da-Vida / Iron Butterfly Theme [Digital 45],Iron Butterfly,1967,metal,0.2
571,Cancerboy on Hash,Blue Screen of Death,DD/MM/YYYY,2005,rock,0.5
572,Vallejo,The 7/8 Wonders Of The World,Miracle Chosuke,0,pop,0.9
573,It's A Blessing,Warrior,The Jackson Southernaires,0,pop,0.6
574,Help Me to Understand,All in Good Time,Johnny Jenkins,0,jazz,0.3
575,Never Seen The Light Of Day (Radio Edit),Never Seen The Light Of Day,Mando Diao,2007,classical,0
576,The Bubble Effect,Leviathan (Break The Spell),Scienz of Life,0,metal,0
577,Dig It,Dig It,Pirupa_ Pigi,0,pop,0.3
578,Undulation,Mind Edit,Riow Arai,0,jazz,0.6
579,So Alone,Guitar Master,David T. Chastain,0,classical,0.3
580,Believe Yourself (Album Version),Waiting For Zero,One Way System,0,metal,0.2
581,First Love,Keepin It Real,C-Block,0,classical,0.5
582,Make Me Feel ,Make Me Feel - Single,Benassi Bros. Feat. Dhany,2005,metal,0.9
583,Como Eu Queria,Tihuana,Tihuana,0,pop,0.6
584,La Verdadera Libertad,El Salmon,Andres Calamaro,2000,jazz,0.3
585,Valiums A Tu Tia,Rock En Espanol - Lo Mejor De Los Amantes De Lola,Los Amantes De Lola,0,classical,0
586,Merciless tyranny,Decimate christendom,Incantation,0,metal,0
587,Dialogue,The Clancy Brothers And Tommy Makem Live at Carnegie Hall - November 3_ 1962,The Clancy Brothers With Tommy Makem,0,classical,0
588,God Only Knows,Lullaby Renditions of The Beach Boys,Rockabye Baby!,0,metal,0.5
589,The Art Of Parties,Tin Drum,Japan,1981,pop,0.7
590,It Keep Rainin' (Tears From My Eyes) (Radio Edit),It Keep Rainin' (Tears From My Eyes) (Single),Bitty McLean,0,jazz,0.3
591,Tomorrow's Gonna Be,Better Day,Continental Drifters,2001,classical,0.6
592,Invisible,Blink Of An Eye,Enchant,2002,metal,0.3
593,Benedito,Favela Uprising,AfroReggae,0,rock,0.2
594,I Wish We'd All Been Ready (Key-Ab-Premiere Performance Plus),I Wish We'd All Been Ready (Premiere Performance Plus Track),DC Talk,0,pop,0.5
595,Soul Power,Heavy Hustling,Kokolo,2008,pop,0.9
596,Oh Take Me Back,Charlie Haden Family & Friends - Rambling Boy,Charlie Haden / Tanya Haden / Rachel Haden,0,jazz,0.6
597,Cuanta Vida WLopez & D Ferrero House Remix,Pastora Rmx Ed Elegant Distortion,Pastora,0,classical,0.3
598,New Boys,Live At The Roxy,The Adverts,1987,metal,0
599,Fan Mail,Punk Singles Collection,The Dickies,1979,pop,0
600,Linha Vermelha,O Sil’éncio Que Precede O Esporro,O Rappa,2003,jazz,0
601,Rowdy,Cameo Parkway 1957-1967,Clint Eastwood,2005,classical,0.2
602,Mamma Voglio Anch'io La Fidanzata,Italy & Italy (Le Canzonette Italiane),Natalino Otto,2005,metal,0
603,Rimes Instinctives,Rois Sans Couronnes,Nessbeal,2008,classical,0
604,Liisborg Error,P*N*M*B,Feadz,2009,metal,0
605,Get Off The Stage,Cyrano The Musical,Normie Rowe,0,pop,0.5
606,C.e.b. (Album Version),Flesh And Blood,No Innocent Victim,0,jazz,0.7
607,Warn Them Jah Dub,Dub It To The Top,Yabby You,0,classical,0.3
608,Shelter In The Storm (Album Version),The Postman - Music From The Motion Picture Soundtrack,James Newton Howard/The Postman Soundtrack,0,metal,0.6
609,I Love You Haters,Spirit Of '94,Kaze,0,classical,0.3
610,You Don't Know What Love Is (You Just Do As You're Told),Red,Daniel Merriweather,2009,metal,0.2
611,Take Me To The River,Super Hits,Exile,0,pop,0.5
612,Let it Go,Basses Covered,Bernard Harris,0,jazz,0.9
613,Into The Floyd,Chad Smith's Bombastic Meatbats,Chad Smith's Bombastic Meatbats,0,classical,0.6
614,Jet set,Robando gallinas,Los Manolos,0,metal,0.3
615,I Believe In Miracles,I Believe In Miracles,Sunlightsquare,0,rock,0
616,Honey Pie,Crazy Kind Of Life,Bill Perry,2002,pop,0
617,Elefante,Il suicidio dei Samurai,Verdena,2004,pop,0
618,Intro (grooveman Spot Remix),Re New Awakening Part.2,DJ Mitsu The Beats,0,jazz,0
619,Chasing The Sunrise,Fable / Chasing The Sunrise,Luke Terry,0,classical,0
620,Young Girl,First Class Citizen,Edi Fitzroy,0,metal,0
621,Bookie Blues,Basie Jam: Montreux '77,Count Basie Big Band,0,pop,0.3
622,Mudslide,The Singles,The Bluetones,2000,jazz,0.6
623,Sketch For Dawn (Live 13.8.1981),Live In Bruxelles 13.8.1981,The Durutti Column,2008,classical,0.3
624,Io Vado Con L'Anima,Canzoni da Ricordare,Gino Paoli,0,metal,0.2
625,New Frontiers,New Frontiers,Aural Float,2001,pop,0.5
626,I Go - Live At The BBC [31/5/66],Billy Fury - Live At The BBC,Billy Fury,0,jazz,0.9
627,Like Sunshine,Story Teller,Heston,2009,classical,0.6
628,It's A Trip (Stems Mix),It's A Trip,Shakespears Sister,0,metal,0.3
629,Un Abecedario Sin Letras,Voy A Acabar Borracho,Platero Y Tu,1996,rock,0
630,Dirty Disco II (Pre-Mix version),From The Hip,Section 25,1984,pop,0
631,Attention Cherie,Fresh With Your Head,April March,0,pop,0
632,Don't You (Forget About Me) (Album Version),Ugly,Life Of Agony,1995,jazz,0.5
633,Until Now,Planets,Adema,2005,classical,0.7
634,Zanzibar,Cantiga De Longe,Ed’_ Lobo / Airto Moreira / Hermeto Pascoal / Claudio Slow / Jose Mariono,1971,metal,0.3
635,Heroes Get Remembered_ Legends Never Die,Rise Or Die Trying,Four Year Strong,2007,pop,0.6
636,Abre los ojos,Ansiedad,Mala Reputaci¥Ë__n,0,jazz,0.3
637,Everyday I Have The Blues,Jake Head Boogie,Lightnin' Hopkins,1999,classical,0.2
638,Tamarack Pines,Forest,George Winston,1994,metal,0.5
639,Everybody Loves You Now,Further Than Heaven,The Hassles Feat. Billy Joel,2003,classical,0.9
640,A Touch Of Paradise,Belvedere,Beady Belle,2008,metal,0.6
641,He's Pulling His Whiskers On,The Best Small Jazz Bands (1936-1955),Hot Lips Page,0,pop,0.3
642,I've Been Waiting,Riddim Driven: Engine,Anthony Cruz,0,jazz,0
643,She Wishes I Were You,Suspicion,Terry Stafford,1994,classical,0
644,Cadillac Solitario (Rockdelux Experience 23/11/04),Rock & Roll Star - 30 a’±os,Loquillo,0,metal,0
645,Superstring,Superstring,Kain van Stone,0,classical,0.2
646,Out Of My Mind,Where The Light Is: John Mayer Live In Los Angeles,John Mayer,0,metal,0
647,Thrasher,Enter The Grave,Evile,2007,pop,0
648,All I Can't Explain,It's A Funny World,Mae Moore,2002,jazz,0
649,EYE OF THE STORM,Recovered,HEATHEN,2004,classical,0.5
650,Already Died,Peace Love Death Metal,Eagles Of Death Metal,2004,metal,0.7
651,Rambel In De Jangel,Sechs,Basti Grub,0,rock,0.3
652,Abusus Dasein 12,Reader's Darkest,Stendal Blast,0,pop,0.6
653,Solo Te Llame,Reggaeton Fury,Plan B,0,pop,0.3
654,You Were Alone,Vs. Children,Casiotone For The Painfully Alone,2009,jazz,0.2
655,Like You (Supermayer Mix),Go Commando with JDH and Dave P,Gui Boratto,2006,classical,0.5
656,Save The World,New Mountain,Mick Clarke,2000,metal,0.9
657,La Princesa De Mis Sue’±os (Octeto Versi¥Ë__n),Sonorama,Obk,2004,pop,0.6
658,Intro,Heat,H.e.a.t,2008,jazz,0.3
659,Talk Show,Radio Fusebox,Andy Stochansky,0,classical,0
660,California (Live),Hadag Nahash - LIVE,Hadag Nahash,0,metal,0
661,Tomorrow (Live Version),Domo Arigato,The Durutti Column,1985,metal,0
662,Little Paradise,Crimes Of Passion,Pat Benatar,1980,pop,0
663,Bodyfly (Conrado Martinez Remix),Bodyfly,Dynamix Featuring Inda Matrix,0,jazz,0
664,Push the Right Knob,It's All Downhill From Here,Bastian,2003,classical,0
665,The Change Came Suddenly,A Great Artist,A Life Once Lost,2003,metal,0.3
666,Palace Of My Soul,Guide To Personal Happiness,Lispector,2008,rock,0.6
667,Tim Dom Dom,Favourites: From Samba Esquema Novo 1963 To Africa Brasil 1976,Jorge Ben,2006,pop,0.3
668,Kolmatta linjaa takaisin  -Beautiful in the Rain-,1968 - Musiikkia & muistoja,Fredi,0,pop,0.2
669,Love For Sale,Soul Legends - Marvin Gaye,Marvin Gaye,2006,jazz,0.5
670,Prologue (Little Shop Of Horrors),Little Shop Of Horrors,Michelle Weeks / Tichina Arnold / Tisha Campbell / Bill Mitchell,0,classical,0.9
671,The Level,The Last Ones,Sun Eats Hours,0,metal,0.6
672,La tua fretta,Solo un grande sasso,Verdena,2001,pop,0.3
673,Weh the Love Gone,Old School Riddim - EP,Natty King,0,jazz,0
674,East To West,Rondelet Records - Punk Singles Collection,Anti-Pasti,2006,classical,0
675,Luodinkest¥Ë__v¥Ë__ poikayst¥Ë__v¥Ë__,Perustuu tositapahtumiin,Kimmo Liskom¥Ë__en Pitk¥Ë__t Kalsarit,2008,metal,0
676,Naa Puchna,Forever Gold,Malkit Singh,0,pop,0.5
677,Send Me On My Way (Album Version),Music From Party of Five,Rusted Root,0,jazz,0.7
678,W.L.T.M.,Tadpoles In A Jar,Jimmy Nail,0,classical,0.3
679,Nordlandsbilleder (Pictures from Nordland) Suite No. 1 Op. 5: I.       Kvinneprofill (Portrait of a woman),The long_ long winter night (Dan langje_ langje vettranattae),Leif Ove Andsnes,0,metal,0.6
680,No Place To Run (Live In Hammersmith 'BBC In Concert'),The Official Bootleg Box Set,UFO,0,rock,0.3
681,Don't Blame Me,Timi Yuro - The Very Best Of,Timi Yuro,1961,pop,0.2
682,Lei M'Ama,I Ribelli,I Ribelli,0,pop,0.5
683,Back Home,Back Home,Joe Smooth,0,jazz,0.9
684,14 Valses/Waltzes (2005 Digital Remaster): No.6 in D flat Op.64 No.1,Icon: Dinu Lipatti,Dinu Lipatti,0,classical,0.6
685,Gun,Louder Than Love,Soundgarden,1989,metal,0.3
686,Rosary Job (Demo) (Album),Enter The Vaselines,Vaselines,0,pop,0
687,When Something Old Dies,Real Live Thing,Kingston Wall,1994,jazz,0
688,Feel The Heat 2000,Feel The Heat 2000,Masterboy,2000,classical,0.2
689,Track & Field,The Lowdown Sampler Vol. 2,Demarkus Lewis,0,metal,0
690,Love Don't Go Through No Changes On Me,The Best Of Sister Sledge,Sister Sledge,1999,classical,0
691,You Are,Lightweight Heavy,Fat Jon,2004,metal,0
692,Falsified,Not An Exit,Miles Hunt,0,pop,0.5
693,Third Marie_ The  (The Right Amount Album Version),The Right Amount,Bon Voyage,2002,jazz,0.7
694,Cheche,Patrick Saint-Eloi ¥Ë_¥Ë_ l'Olympia (Live concert),Patrick Saint-Eloi,0,classical,0.3
695,Sodom & Gomorrah,Underground,The Twinkle Brothers,0,metal,0.6
696,Ode til Arne Nordheim (I-III),Bl’Çrollinger - Mer musikk for rockeunger!,Jono El Grande,0,classical,0.3
697,Big Brat,Live At Sony Connect,Phantom Planet,2004,metal,0.2
698,The Love I Never Had¥Ë_¥Ë_,I See Dead People,The Monsters,0,pop,0.5
699,Alguien La Vi¥Ë__ Partir,Diego Torres,Diego Torres,1993,jazz,0.9
700,Forgiven,Forgiven,The Space Brothers,1998,classical,0.6
701,Outra Rezada Do Pinto D'Herb¥Ë__n,A Terra Dos Comentos,Ruxe Ruxe,0,metal,0.3
702,If'n Myself To Death,Rancho No Tengo - Soundtrack,Joe King Carrasco,0,rock,0
703,Du Sommeil_ du Soleil_ de l'Oseille,Du CSur ¥Ë_¥Ë_ l'Outrage,La Rumeur,0,pop,0
704,Put Your Drink Down [Original],WELCOME HOME,Mr. V,0,pop,0
705,Jack O'Diamonds / Merrily Kiss The Quaker,Between Earth & Sky: The Pulse of Celtic Music,Robin Bullock,0,jazz,0
706,The Deep Project,Running Away / The Deep Project,Filter,0,classical,0
707,Salsanova,Salsanova,Johnny Fiasco,0,metal,0
708,If You Tolerate This,If You Tolerate This,Eric Chase,2010,pop,0.3
709,One Bedroom Apartment,Black Coats & Bandages,Clann Zu,2004,jazz,0.6
710,Te olvidar¥Ë_¥Ë_s de m¥Ë__,Aire,QBO,0,classical,0.3
711,Talkin' that Talk,Bread & Butter,The Jive Turkeys,0,metal,0.2
712,tides that kill,THIS IS MY BATTLEFIELD,Panzer AG,2004,rock,0.5
713,Double the Dose,The Only Way From Here,Go Drowsy,0,pop,0.9
714,Didnt Feel No Pain,Be It,Nicole Willis,2004,pop,0.6
715,Cold War,Big Echo,The Morning Benders,2010,jazz,0.3
716,Raga - Shuddha Sarang_ Aalap,Unsung - Vol. 3,Bhimsen Joshi,0,classical,0
717,Single Second,Two Faced,More Than Crossed,0,metal,0
718,I Want To Hear It From You,Live ,Go West,1987,pop,0
719,Unseen World [Explicit],From Where???,Mad Skillz,0,jazz,0.5
720,String Quartet No.12 in E flat major Op.127 : III Scherzo (Vivace),Beethoven : String Quartets Vol.4,Endellion String Quartet,0,classical,0.7
721,Attitude (Nobody But Me),Cool Blue,Robert Moore,0,metal,0.3
722,Rehabilitacja Komunist¥Ë__w,Kosmopolak,Jacek Kaczmarski,1987,rock,0.6
723,Sucker 4U,Roxxx in The Disco,Wealthy Beggar,2004,pop,0.3
724,Familiar Places,Winter Hours,Winter Hours,1989,pop,0.2
725,(So schn’_ kaust gor net) schaun,Sweet16 - Texta live! backed by S.K. Invitational,Texta,0,jazz,0.5
726,Come To The Bower,The Crock Of Gold,Shane MacGowan And The Popes,1997,classical,0.9
727,Beatitude,Beatitude (Vocal Versions),Duderstadt & Kirsty Hawkshaw,2007,metal,0.6
728,Com Portugal No Cora’_’£o,Anda C¥Ë_¥Ë_ &I_& Anda,Fernando Correia Marques,0,pop,0.3
729,Mystery Trip (Original Mix),Destinations EP,Auditory Canvas,0,jazz,0
730,El Viejo Del Sombreron,Canta Como: La Sonora Dinamita,La Sonora Dinamita,1994,classical,0
731,The First Queer Santy Claus (Album Version),A Very Larry Christmas,Larry The Cable Guy,2004,metal,0.2
732,Big Town,AMOR - Nice OLD Music - Gute ALTE Musik,Roy Brown,0,classical,0
733,Blown Away,Drop-Dead,The Violet Burning,2006,metal,0
734,Sing Their Souls Back Home,Mr Love And Justice,Billy Bragg,2008,pop,0
735,In Search Of My Heart,Tropical Postcards,Roseanna Vitro,0,jazz,0.5
736,Mozambique,Blow Up,Richard Galliano,0,classical,0.7
737,Love Don't Live Here Anymore,Original Hits - Love,Jimmy Nail,1985,metal,0.3
738,Special Agent (Railroad Police Blues),Legendary Country Blues Artists - CD B,Sleepy John Estes,1938,rock,0.6
739,Triste Tropique (feat. Olodum & Edy Vox),Confessions d'un Enfant du Si’åcle Vol.2,Rockin' Squat,2009,pop,0.3
740,Just Barely Famous,Just Barely Famous,Herb Eimerman,0,pop,0.2
741,Nothing Touches Me (BBC Radio 1 Evening Session),Pablo Honey (Collector's Edition),Radiohead,0,jazz,0.5
742,Sugar Babe,Rhythm & Blues Vol. 3,Buster Brown,2002,classical,0.9
743,An Sagairtin,From My Tradition: The Best Of Joe Heaney,Joe Heaney,0,metal,0.6
744,E'she'no (World),People of Peace,R. Carlos Nakai,0,pop,0.3
745,Bone And Flesh,Waters Of Eden,Tony Levin,2000,jazz,0
746,Hora de cambiar,Dias que no vuelven,Play,0,classical,0
747,Journey Stages,Journey Stages,Yespiring,0,metal,0
748,Doctor Clayton Blues,Doctor (Peter) Clayton 1935-1942,Doctor (Peter) Clayton,0,classical,0
749,You're Always Near,The Time Has Come,The Alarm Clocks,0,metal,0
750,Me He Acostrumbrado(Con NS),A Puerto,Magnatiz,2000,pop,0
751,Help Is On Its Way,Definitive Greatest Hits,Little River Band,1980,jazz,0.3
752,Salt & Velvet,Primordia,Brainbox,1993,classical,0.6
753,D’©cembre,Un bruit qui court,Pauline Croze,2007,metal,0.3
754,Fever,Rain Drops,Dee Clark,0,classical,0.2
755,Adagio Espressivo,Adagio Espressivo,Epos,0,metal,0.5
756,I Need Terry Sheridan,Lara Croft Tomb Raider: Cradle Of Life,Alan Silvestri,0,pop,0.9
757,Formiche,Le Avventure Di Lucio Battisti E Mogol,Lucio Battisti,0,jazz,0.6
758,"I'm So Bad (10"" EP)",I'm So Bad,Oingo Boingo,0,classical,0.3
759,Atoll (Laurentian's),Laurentian's Atoll,*Shels,2007,metal,0
760,Lost In A Feeling (LP Version),Claudia Church,Claudia Church,0,rock,0
761,Play To Win (12'' Extended Version),The Remix Collection,Heaven 17,0,pop,0
762,It's Time,The Lovely,Mara Carlyle,2004,pop,0.5
763,Beautiful,Jonah33,Jonah33,2003,jazz,0.7
764,Eastbourne Lights,Eastbourne Lights,Darren Hayman,2007,classical,0.3
765,Got It Wrong,Almost Everything I Wish I'd Said The Last Time I Saw You...,Wakey!Wakey!,0,metal,0.6
766,Runaway (Ford Remix Radio Edit),Runaway,iio,2004,pop,0.3
767,Round The Bays Pt. 1,Newsoundlandscapes,Confucius,0,jazz,0.2
768,A Different World,Ashley Walters,Ashley Walters,0,classical,0.5
769,Islands (LP Version),American Roulette,Danny O'Keefe,0,metal,0.9
770,4% Pantomime (2000 Digital Remaster),Cahoots,The Band,1971,pop,0.6
771,Chicken (Live),Live,Mississippi John Hurt,0,jazz,0.3
772,Dead + Rural (Album),Plague Park,Handsome Furs,2007,classical,0
773,Empego Naroco,A Man And His Music  - El Inolvidable,Tito Rodriguez,0,metal,0
774,Concerto No 1 In B Flat Minor_ Op23: Second Movement - Andante Semplice; Prestissimo; Tempo Primo,Tchaikovsky - Concerto No 1 In B Flat Minor Op 23,Van Cliburn,0,rock,0.2
775,Kicked Out The Club,Son of a Pimp,Mistah F.A.B ft.E40_  Mac Dre_ Messy Marv_ Yukmouth_ Mac Mall_ Mr. Kee_ Various Otheres,2005,pop,0
776,The Solo To Untamed Place,Linear Cryptics,Ametsub,2006,pop,0
777,In The Presence Of Angels,Colors Of A New Dawn,Gandalf,0,jazz,0
778,Private Room Intro,Private Room,Avant,2003,classical,0.5
779,Black Angel (Album mix),Decayed-Rebuilt,Mind:State,2007,metal,0.7
780,Passages,In My Life,Kevin Kern,1999,pop,0.3
781,Green Love,Orange Pony - EP,Hilt,1991,jazz,0.6
782,Roda Piao (Spiritual South Remix),Far Out Brazil,Azymuth,2006,classical,0.3
783,Citizenihilist,Seance Prime,Trap Them,0,metal,0.2
784,Stop This Game,Authorized Greatest Hits,Cheap Trick,1994,classical,0.5
785,Flight,Down To Kill,Johnny Thunders & The Heartbreakers,0,metal,0.9
786,The Scamp,The Strongman,Reginald R. Robinson,0,pop,0.6
787,Tamagnoko,Timbuktu,Issa Bagayogo,2002,jazz,0.3
788,I Wanna Hold Your Hand,The Boxmasters,The Boxmasters feat. Billy Bob Thornton,0,classical,0
789,All That I Need,Nico,Blind Melon,1996,metal,0
790,The One,Good Things Coming,Udo,0,classical,0
791,Digital Complexion,Digital Complexion,Dean Fichna,0,metal,0
792,Homemade (Live Version),Live From Cincinnati_ Bringin' It Home,Nicole C. Mullen,0,pop,0
793,What In The World (Album Version),Heritage Of Faith,Babbie Mason,0,jazz,0
794,Curfew,Truths and Rights,Fyah Blaze,2005,classical,0.3
795,Abbracciami Pi¥Ë__ Forte,Piccolo Fiore,Angelo dei Teppisti dei Sogni,0,metal,0.6
796,What's Happenin' Sun,Till Da Sun Comes Up,Sir Mix-A-Lot,0,rock,0.3
797,LaLa Land,LaLa Land,Wallis Bird,2009,pop,0.2
798,Try,Radio Bootleg For The Restless Masses,Tree,0,pop,0.5
799,Some Dumb Girl,Anjulie,Anjulie,2009,jazz,0.9
800,Ghost train,Hells bent on rockin,The Sharks,0,classical,0.6
801,Jetlag,Traveller E.P.,Mr.Phillips,0,metal,0.3
802,Conversaciones,D¥Ë__a Mes A’±o,Braille,0,pop,0
803,Penpals,Rules And Regulations,Roll Deep,2007,jazz,0
804,Selah,Divine Secrets Of The Ya-Ya Sisterhood - Music From The Motion Picture,Lauryn Hill,2002,classical,0
805,Over The Weekend,Postcards From Home,Nick Heyward,1986,metal,0.5
806,Pour Jane (live),C'est Quand Le Bonheur !,Cali,0,metal,0.7
807,Dancing In The Dark,Dancing In The Dark,Micky Modelle v Jessy,0,pop,0.3
808,As I Slither,Live In Germany,KATAKLYSM,2004,jazz,0.6
809,Thoughts Pay No Toll,20 Candles,No Name,0,classical,0.3
810,Don't Upset The Rhythm (Go Baby Go),Barbie Lets All Party!,Noisettes,2009,metal,0.2
811,Secret,Secret,DJ Sakin vs. weimaR,0,rock,0.5
812,Not My Love,Empire Theory,Tides Of Man,2009,pop,0.9
813,Barrag¥Ë_¥Ë_n,A mal tiempo buena cara,Kamelo Punto Semos,0,pop,0.6
814,Amo Que Me Odien,A Medio Camino,Mr. Shadow_ Se’±or Sombra,0,jazz,0.3
815,Still,In Your Honor,Foo Fighters,2005,classical,0
816,Lo Mismo Blues,Devil in the Drain (Expanded),Henry Kaiser,0,metal,0
817,Time Waits For No One,Silhouette Brown,Silhouette Brown,2005,pop,
818,Bread,Pressure Points,John Brown\'s Body,2005,jazz,0.2
819,Dreams of life,Kingdom Of XII,Molly Hatchet,2001,classical,0
820,Anthology: A Tribute to Music,Project Overground - the Scienz Experiment,Scienz of Life,0,metal,0
821,Mission Complete (feat. TayDaTay_ E-Sick & Hennessy),I'll Rather Lounge,Dush Tray,0,pop,0
822,Parasite,That's How We Do Right!,The Souljazz Orchestra,2008,jazz,0.5
823,Tha Me Dis,Mine Mazi Mou Apopse,Irini Merkouri,0,classical,0.7
824,The Atlantic Ocean,The Atlantic Ocean,Richard Swift,2009,metal,0.3
825,Grunnsteinar,Ellivan,Arve Henriksen & Elling Vanberg,0,rock,0.6
826,George Bush,2006,Mother Gong,0,pop,0.3
827,Eu Tenho Um Fraquinho Por Ti,18 Can’_oes De Amor,Fausto,1979,pop,0.2
828,Bad Bad Baby,Bad Bad Baby,Natural Born Grooves feat. Thea Austin,0,jazz,0.5
829,Radishes,A Place Called Today,Hurl,0,classical,0.9
830,Mama Look Deh (Album),Reggae Anthology - Joe Gibbs: Scorchers From The Early Years [1967-73],The Reggae Boys,0,metal,0.6
831,Pocket Full of Stones,Best of UGK,UGK (Underground Kingz),0,pop,0.3
832,Warrior,Live at Stubb's,Matisyahu,2004,jazz,0
833,Old Man Willis (Single Version) (Bonus Track),Continued,Tony Joe White,0,classical,0
834,Heartstopper,Fisherman's Woman,Emiliana Torrini,2005,metal,0
835,Forever,Sunday Blue,Mikael Stav’_strand & Franco Cinelli,0,classical,0
836,Meat Wagon,Road Kill,The Haunted,0,metal,0
837,Energy Vibrations,Industrial Panorama,Johnny Pearson,0,pop,0
838,Trouble And Pain,This Time,The Robert Cray Band,0,jazz,0.3
839,Lift My Burdens,What Have You Done_ My Brother?,Naomi Shelton & the Gospel Queens,0,classical,0.6
840,The Glory Of Love,The Glory Of Love,Five Keys,0,metal,0.3
841,Running And Hiding,Running and Hiding,Sunshaker,0,classical,0.2
842,Right Reverend,Cherry Knowle,Leatherface,1989,metal,0.5
843,Act Right,Jump Jack Jump!,Wynona Carr,0,pop,0.9
844,Bella Bella,Merengue de Amor Vol. 3,Ravel,0,jazz,0.6
845,Light Reborn,Serpent's Embrace,AGATHODAIMON,2004,classical,0.3
846,Lodge,Jamaica's Most Wanted,Bounty Killer,2001,metal,0
847,The Utilitarian Christmas Jingle,The My Pal God Holiday Record,Lullaby For The Working Class,0,rock,0
848,Watch Us Touch,The Weight,The Creators feat. Consequence,2000,pop,0
849,Colpo Di Specchio,Neve Ridens (Neve),Marco Parente,2005,pop,0.5
850,Southern Casey Jones,"Black Heroes ""From Stagger Lee to Joe Louis",Jesse James,0,jazz,0.7
851,Love Machine,Army Behind The Sun (Bonus Track Version),Coco Electrik,0,classical,0.3
852,Outro (Amended Version),Anarchy,Busta Rhymes,2000,metal,0.6
853,You're The Best,You're The Best,Keni Burke,2001,pop,0.3
854,Live,The Mushroom Tapes,The Badloves,2000,jazz,0.2
855,Haul & Pull (Bobby Konders Remix),Ragga With Maximum Respect,Daddy Freddy,0,classical,0.5
856,Giz Starts Buggin' (LP Version),What More Can I Say,Audio Two,0,metal,0.9
857,All I Have To Offer You Is Me,Bluegrass 1971,Mac Wiseman (With Special Guests Lester Flatt & Chubby Wise),0,rock,0.6
858,DEADLY PLAYER,ON THE PROWL,Loudness,0,pop,0.3
859,Convicting The Squirrel (Album),Carousel,Hugh Hopper,0,pop,0
860,Invitation To the Blues,Post Atomic Hillbilly,Undertakin' Daddies,0,jazz,0
861,Shape-Eisha,Namebrand,Shaka Shamba,0,classical,0.2
862,Jeepers Creepers,What A  Wonderful World,Louis Armstrong,1939,metal,0
863,pure tension,THIS IS MY BATTLEFIELD,Panzer AG,2004,pop,0
864,Oh_ How It Hurts,The Greatest Hits,Barbara Mason,2003,jazz,0
865,Seagull (The West Coast Oil Tragedy Of '68) (1999 Digital Remaster),Forms And Feelings,Love Sculpture,1969,classical,0.5
866,The Clap,Prime Cuts,Steve Morse,2005,metal,0.7
867,In The Shadows,The UA Singles '79-'82,The Stranglers,1978,rock,0.3
868,Chipoti chipota,13 ans de caravaning,Les Hurlements D'leo,2009,pop,0.6
869,Withered On The Vine,The Impossible Bird,Nick Lowe,0,pop,0.3
870,Vulture Kisses,Friends And Fires + 000EP'S,SO SO Modern,2007,jazz,0.2
871,M’©moire de singes,M’©moire de singes,LOFOFORA,2007,classical,0.5
872,Summer Breezin',This Is Jazz #37- George Duke,George Duke,1980,metal,0.9
873,Paz En Este Amor (Paz Na Cama),Ana Gabriel En La Plaza De Toros Mexico,Ana Gabriel,0,pop,0.6
874,Don't Come My Way,Volume 1,220 Volt,0,jazz,0.3
875,My Favorite Things,Centro di permanenza temporanea,Opa Cupa,2010,classical,0
876,Future King,Last Year's Wife - The Collection,Zero Le Cr’éche,2008,metal,0
877,Memories (Someone We'll Never Know),Moon,Clint Mansell,2009,classical,0
878,Awakening,'Masterpiece',Special EFX,1999,metal,0
879,La Casa I,Eve Future,Kreidler,2002,pop,0
880,Foot Work,Reggae With The Hippy Boys,The Hippy Boys,0,jazz,0
881,In Faith With You,Music While You Work,1.000 Mexicans,0,classical,0.3
882,Abandon Ship [BBC Radio 1 Live Version],Abandon Ship,Gallows,2007,metal,0.6
883,Will You Please Spend New Year's Eve With Me?,The Polaroid Song,Allo_ Darlin',2009,rock,0.3
884,L'Axe Du Mal Malax’©,Croyez-Moi ¥Ë_¥Ë_a Fait Mal!,La Descente Du Coude,2006,pop,0.2
885,After Midnight,Eric Clapton,Eric Clapton,1970,pop,0.5
886,Vertrouw Maar Op Mij,Omdat Ik Zo Van Je Hou,Gordon,0,jazz,0.9
887,Cover Dub (Dub / Instrumental Reggae Music),Dub Party,Mikey Dread,0,classical,0.6
888,Vernon,A Fool's Attempt,Storybox,0,metal,0.3
889,Monsters (Soundtrack Album Version),The Twilight Saga: New Moon Original Motion Picture Soundtrack,Hurricane Bells,0,pop,0
890,The Driveway,Breakout,Miley Cyrus,2008,jazz,0
891,Ramesses II,We Will Lead You To Glorious Times,Ramesses,2004,classical,0
892,Liberation,Jammys From The Roots [1977-1985],Junior Delgado,1991,metal,0.5
893,Xina,Isotop,Mergel Kratzer,2009,classical,0.7
894,Tallyman (2005 Digital Remaster),Rockin' With The Pirates: Big Hits_ Classic Tracks & Lost Gems,Jeff Beck,0,metal,0.3
895,Nightmares,The Best Of,A Flock Of Seagulls,1983,pop,0.6
896,Be Careful Not To Be Too Careful - Album Version,Welcome,Patrick Nuo,2003,jazz,0.3
897,Oh Na Kuri Labdi,Collaborations,Sukshinder Shinda,2006,classical,0.2
898,Look At 'Im (LP Version),Once In A Blue Moon,Mabel Mercer,0,metal,0.5
899,Rude Boots,Stereo Mash Up,Burning Babylon,2006,classical,0.9
900,Symphony in Gminor,Integrated Future,Phalanx,0,metal,0.6
901,Las 40,Coleccion de Oro,Sergio Vargas,0,pop,0.3
902,Moc slowa,Polska Rootz,Mesajah,0,jazz,0
903,Here I Am,Born In Babylon (Bonus Track Version),SOJA,0,classical,0
904,NO CHANGES IN MY LIFE,Alien (Limited Edition),Alpha,0,metal,0